variable,value
(Intercept),-9.57024324557922
f_drivable,1.3497890440692006
f_walkable,1.3779923531680798
f_dense,0.9043582117782153
f_diverse,0.9752321565090719
